[
  {
    "birth_year": "19BBY",
    "created": "2014-12-09T13:50:51.644000Z",
    "edited": "2014-12-20T21:17:56.891000Z",
    "eye_color": "blue",
    "films": [
      "http://swapi.co/api/films/6/",
      "http://swapi.co/api/films/3/",
      "http://swapi.co/api/films/2/",
      "http://swapi.co/api/films/1/",
      "http://swapi.co/api/films/7/"
    ],
    "gender": "male",
    "hair_color": "blond",
    "height": "172",
    "homeworld": "http://swapi.co/api/planets/1/",
    "id": 1,
    "mass": "77",
    "name": "Luke Skywalker",
    "skin_color": "fair",
    "species": [
      "http://swapi.co/api/species/1/"
    ],
    "starships": [
      "http://swapi.co/api/starships/12/",
      "http://swapi.co/api/starships/22/"
    ],
    "url": "http://swapi.co/api/people/1/",
    "vehicles": [
      "http://swapi.co/api/vehicles/14/",
      "http://swapi.co/api/vehicles/30/"
    ]
  },
  {
    "birth_year": "112BBY",
    "created": "2014-12-10T15:10:51.357000Z",
    "edited": "2014-12-20T21:17:50.309000Z",
    "eye_color": "yellow",
    "films": [
      "http://swapi.co/api/films/5/",
      "http://swapi.co/api/films/4/",
      "http://swapi.co/api/films/6/",
      "http://swapi.co/api/films/3/",
      "http://swapi.co/api/films/2/",
      "http://swapi.co/api/films/1/"
    ],
    "gender": "n/a",
    "hair_color": "n/a",
    "height": "167",
    "homeworld": "http://swapi.co/api/planets/1/",
    "id": 2,
    "mass": "75",
    "name": "C-3PO",
    "skin_color": "gold",
    "species": [
      "http://swapi.co/api/species/2/"
    ],
    "starships": [],
    "url": "http://swapi.co/api/people/2/",
    "vehicles": []
  },
  {
    "birth_year": "33BBY",
    "created": "2014-12-10T15:11:50.376000Z",
    "edited": "2014-12-20T21:17:50.311000Z",
    "eye_color": "red",
    "films": [
      "http://swapi.co/api/films/5/",
      "http://swapi.co/api/films/4/",
      "http://swapi.co/api/films/6/",
      "http://swapi.co/api/films/3/",
      "http://swapi.co/api/films/2/",
      "http://swapi.co/api/films/1/",
      "http://swapi.co/api/films/7/"
    ],
    "gender": "n/a",
    "hair_color": "n/a",
    "height": "96",
    "homeworld": "http://swapi.co/api/planets/8/",
    "id": 3,
    "mass": "32",
    "name": "R2-D2",
    "skin_color": "white, blue",
    "species": [
      "http://swapi.co/api/species/2/"
    ],
    "starships": [],
    "url": "http://swapi.co/api/people/3/",
    "vehicles": []
  },
  {
    "birth_year": "41.9BBY",
    "created": "2014-12-10T15:18:20.704000Z",
    "edited": "2014-12-20T21:17:50.313000Z",
    "eye_color": "yellow",
    "films": [
      "http://swapi.co/api/films/6/",
      "http://swapi.co/api/films/3/",
      "http://swapi.co/api/films/2/",
      "http://swapi.co/api/films/1/"
    ],
    "gender": "male",
    "hair_color": "none",
    "height": "202",
    "homeworld": "http://swapi.co/api/planets/1/",
    "id": 4,
    "mass": "136",
    "name": "Darth Vader",
    "skin_color": "white",
    "species": [
      "http://swapi.co/api/species/1/"
    ],
    "starships": [
      "http://swapi.co/api/starships/13/"
    ],
    "url": "http://swapi.co/api/people/4/",
    "vehicles": []
  },
  {
    "birth_year": "19BBY",
    "created": "2014-12-10T15:20:09.791000Z",
    "edited": "2014-12-20T21:17:50.315000Z",
    "eye_color": "brown",
    "films": [
      "http://swapi.co/api/films/6/",
      "http://swapi.co/api/films/3/",
      "http://swapi.co/api/films/2/",
      "http://swapi.co/api/films/1/",
      "http://swapi.co/api/films/7/"
    ],
    "gender": "female",
    "hair_color": "brown",
    "height": "150",
    "homeworld": "http://swapi.co/api/planets/2/",
    "id": 5,
    "mass": "49",
    "name": "Leia Organa",
    "skin_color": "light",
    "species": [
      "http://swapi.co/api/species/1/"
    ],
    "starships": [],
    "url": "http://swapi.co/api/people/5/",
    "vehicles": [
      "http://swapi.co/api/vehicles/30/"
    ]
  },
  {
    "birth_year": "52BBY",
    "created": "2014-12-10T15:52:14.024000Z",
    "edited": "2014-12-20T21:17:50.317000Z",
    "eye_color": "blue",
    "films": [
      "http://swapi.co/api/films/5/",
      "http://swapi.co/api/films/6/",
      "http://swapi.co/api/films/1/"
    ],
    "gender": "male",
    "hair_color": "brown, grey",
    "height": "178",
    "homeworld": "http://swapi.co/api/planets/1/",
    "id": 6,
    "mass": "120",
    "name": "Owen Lars",
    "skin_color": "light",
    "species": [
      "http://swapi.co/api/species/1/"
    ],
    "starships": [],
    "url": "http://swapi.co/api/people/6/",
    "vehicles": []
  },
  {
    "birth_year": "47BBY",
    "created": "2014-12-10T15:53:41.121000Z",
    "edited": "2014-12-20T21:17:50.319000Z",
    "eye_color": "blue",
    "films": [
      "http://swapi.co/api/films/5/",
      "http://swapi.co/api/films/6/",
      "http://swapi.co/api/films/1/"
    ],
    "gender": "female",
    "hair_color": "brown",
    "height": "165",
    "homeworld": "http://swapi.co/api/planets/1/",
    "id": 7,
    "mass": "75",
    "name": "Beru Whitesun lars",
    "skin_color": "light",
    "species": [
      "http://swapi.co/api/species/1/"
    ],
    "starships": [],
    "url": "http://swapi.co/api/people/7/",
    "vehicles": []
  },
  {
    "birth_year": "unknown",
    "created": "2014-12-10T15:57:50.959000Z",
    "edited": "2014-12-20T21:17:50.321000Z",
    "eye_color": "red",
    "films": [
      "http://swapi.co/api/films/1/"
    ],
    "gender": "n/a",
    "hair_color": "n/a",
    "height": "97",
    "homeworld": "http://swapi.co/api/planets/1/",
    "id": 8,
    "mass": "32",
    "name": "R5-D4",
    "skin_color": "white, red",
    "species": [
      "http://swapi.co/api/species/2/"
    ],
    "starships": [],
    "url": "http://swapi.co/api/people/8/",
    "vehicles": []
  },
  {
    "birth_year": "24BBY",
    "created": "2014-12-10T15:59:50.509000Z",
    "edited": "2014-12-20T21:17:50.323000Z",
    "eye_color": "brown",
    "films": [
      "http://swapi.co/api/films/1/"
    ],
    "gender": "male",
    "hair_color": "black",
    "height": "183",
    "homeworld": "http://swapi.co/api/planets/1/",
    "id": 9,
    "mass": "84",
    "name": "Biggs Darklighter",
    "skin_color": "light",
    "species": [
      "http://swapi.co/api/species/1/"
    ],
    "starships": [
      "http://swapi.co/api/starships/12/"
    ],
    "url": "http://swapi.co/api/people/9/",
    "vehicles": []
  },
  {
    "birth_year": "57BBY",
    "created": "2014-12-10T16:16:29.192000Z",
    "edited": "2014-12-20T21:17:50.325000Z",
    "eye_color": "blue-gray",
    "films": [
      "http://swapi.co/api/films/5/",
      "http://swapi.co/api/films/4/",
      "http://swapi.co/api/films/6/",
      "http://swapi.co/api/films/3/",
      "http://swapi.co/api/films/2/",
      "http://swapi.co/api/films/1/"
    ],
    "gender": "male",
    "hair_color": "auburn, white",
    "height": "182",
    "homeworld": "http://swapi.co/api/planets/20/",
    "id": 10,
    "mass": "77",
    "name": "Obi-Wan Kenobi",
    "skin_color": "fair",
    "species": [
      "http://swapi.co/api/species/1/"
    ],
    "starships": [
      "http://swapi.co/api/starships/48/",
      "http://swapi.co/api/starships/59/",
      "http://swapi.co/api/starships/64/",
      "http://swapi.co/api/starships/65/",
      "http://swapi.co/api/starships/74/"
    ],
    "url": "http://swapi.co/api/people/10/",
    "vehicles": [
      "http://swapi.co/api/vehicles/38/"
    ]
  },
  {
    "birth_year": "41.9BBY",
    "created": "2014-12-10T16:20:44.310000Z",
    "edited": "2014-12-20T21:17:50.327000Z",
    "eye_color": "blue",
    "films": [
      "http://swapi.co/api/films/5/",
      "http://swapi.co/api/films/4/",
      "http://swapi.co/api/films/6/"
    ],
    "gender": "male",
    "hair_color": "blond",
    "height": "188",
    "homeworld": "http://swapi.co/api/planets/1/",
    "id": 11,
    "mass": "84",
    "name": "Anakin Skywalker",
    "skin_color": "fair",
    "species": [
      "http://swapi.co/api/species/1/"
    ],
    "starships": [
      "http://swapi.co/api/starships/39/",
      "http://swapi.co/api/starships/59/",
      "http://swapi.co/api/starships/65/"
    ],
    "url": "http://swapi.co/api/people/11/",
    "vehicles": [
      "http://swapi.co/api/vehicles/44/",
      "http://swapi.co/api/vehicles/46/"
    ]
  },
  {
    "birth_year": "64BBY",
    "created": "2014-12-10T16:26:56.138000Z",
    "edited": "2014-12-20T21:17:50.330000Z",
    "eye_color": "blue",
    "films": [
      "http://swapi.co/api/films/1/",
      "http://swapi.co/api/films/6/"
    ],
    "gender": "male",
    "hair_color": "auburn, grey",
    "height": "180",
    "homeworld": "http://swapi.co/api/planets/21/",
    "id": 12,
    "mass": "unknown",
    "name": "Wilhuff Tarkin",
    "skin_color": "fair",
    "species": [
      "http://swapi.co/api/species/1/"
    ],
    "starships": [],
    "url": "http://swapi.co/api/people/12/",
    "vehicles": []
  },
  {
    "birth_year": "200BBY",
    "created": "2014-12-10T16:42:45.066000Z",
    "edited": "2014-12-20T21:17:50.332000Z",
    "eye_color": "blue",
    "films": [
      "http://swapi.co/api/films/6/",
      "http://swapi.co/api/films/3/",
      "http://swapi.co/api/films/2/",
      "http://swapi.co/api/films/1/",
      "http://swapi.co/api/films/7/"
    ],
    "gender": "male",
    "hair_color": "brown",
    "height": "228",
    "homeworld": "http://swapi.co/api/planets/14/",
    "id": 13,
    "mass": "112",
    "name": "Chewbacca",
    "skin_color": "unknown",
    "species": [
      "http://swapi.co/api/species/3/"
    ],
    "starships": [
      "http://swapi.co/api/starships/10/",
      "http://swapi.co/api/starships/22/"
    ],
    "url": "http://swapi.co/api/people/13/",
    "vehicles": [
      "http://swapi.co/api/vehicles/19/"
    ]
  },
  {
    "birth_year": "29BBY",
    "created": "2014-12-10T16:49:14.582000Z",
    "edited": "2014-12-20T21:17:50.334000Z",
    "eye_color": "brown",
    "films": [
      "http://swapi.co/api/films/3/",
      "http://swapi.co/api/films/2/",
      "http://swapi.co/api/films/1/",
      "http://swapi.co/api/films/7/"
    ],
    "gender": "male",
    "hair_color": "brown",
    "height": "180",
    "homeworld": "http://swapi.co/api/planets/22/",
    "id": 14,
    "mass": "80",
    "name": "Han Solo",
    "skin_color": "fair",
    "species": [
      "http://swapi.co/api/species/1/"
    ],
    "starships": [
      "http://swapi.co/api/starships/10/",
      "http://swapi.co/api/starships/22/"
    ],
    "url": "http://swapi.co/api/people/14/",
    "vehicles": []
  },
  {
    "birth_year": "44BBY",
    "created": "2014-12-10T17:03:30.334000Z",
    "edited": "2014-12-20T21:17:50.336000Z",
    "eye_color": "black",
    "films": [
      "http://swapi.co/api/films/1/"
    ],
    "gender": "male",
    "hair_color": "n/a",
    "height": "173",
    "homeworld": "http://swapi.co/api/planets/23/",
    "id": 15,
    "mass": "74",
    "name": "Greedo",
    "skin_color": "green",
    "species": [
      "http://swapi.co/api/species/4/"
    ],
    "starships": [],
    "url": "http://swapi.co/api/people/15/",
    "vehicles": []
  },
  {
    "birth_year": "600BBY",
    "created": "2014-12-10T17:11:31.638000Z",
    "edited": "2014-12-20T21:17:50.338000Z",
    "eye_color": "orange",
    "films": [
      "http://swapi.co/api/films/4/",
      "http://swapi.co/api/films/3/",
      "http://swapi.co/api/films/1/"
    ],
    "gender": "hermaphrodite",
    "hair_color": "n/a",
    "height": "175",
    "homeworld": "http://swapi.co/api/planets/24/",
    "id": 16,
    "mass": "1,358",
    "name": "Jabba Desilijic Tiure",
    "skin_color": "green-tan, brown",
    "species": [
      "http://swapi.co/api/species/5/"
    ],
    "starships": [],
    "url": "http://swapi.co/api/people/16/",
    "vehicles": []
  },
  {
    "birth_year": "21BBY",
    "created": "2014-12-12T11:08:06.469000Z",
    "edited": "2014-12-20T21:17:50.341000Z",
    "eye_color": "hazel",
    "films": [
      "http://swapi.co/api/films/3/",
      "http://swapi.co/api/films/2/",
      "http://swapi.co/api/films/1/"
    ],
    "gender": "male",
    "hair_color": "brown",
    "height": "170",
    "homeworld": "http://swapi.co/api/planets/22/",
    "id": 18,
    "mass": "77",
    "name": "Wedge Antilles",
    "skin_color": "fair",
    "species": [
      "http://swapi.co/api/species/1/"
    ],
    "starships": [
      "http://swapi.co/api/starships/12/"
    ],
    "url": "http://swapi.co/api/people/18/",
    "vehicles": [
      "http://swapi.co/api/vehicles/14/"
    ]
  },
  {
    "birth_year": "unknown",
    "created": "2014-12-12T11:16:56.569000Z",
    "edited": "2014-12-20T21:17:50.343000Z",
    "eye_color": "blue",
    "films": [
      "http://swapi.co/api/films/1/"
    ],
    "gender": "male",
    "hair_color": "brown",
    "height": "180",
    "homeworld": "http://swapi.co/api/planets/26/",
    "id": 19,
    "mass": "110",
    "name": "Jek Tono Porkins",
    "skin_color": "fair",
    "species": [
      "http://swapi.co/api/species/1/"
    ],
    "starships": [
      "http://swapi.co/api/starships/12/"
    ],
    "url": "http://swapi.co/api/people/19/",
    "vehicles": []
  },
  {
    "birth_year": "896BBY",
    "created": "2014-12-15T12:26:01.042000Z",
    "edited": "2014-12-20T21:17:50.345000Z",
    "eye_color": "brown",
    "films": [
      "http://swapi.co/api/films/5/",
      "http://swapi.co/api/films/4/",
      "http://swapi.co/api/films/6/",
      "http://swapi.co/api/films/3/",
      "http://swapi.co/api/films/2/"
    ],
    "gender": "male",
    "hair_color": "white",
    "height": "66",
    "homeworld": "http://swapi.co/api/planets/28/",
    "id": 20,
    "mass": "17",
    "name": "Yoda",
    "skin_color": "green",
    "species": [
      "http://swapi.co/api/species/6/"
    ],
    "starships": [],
    "url": "http://swapi.co/api/people/20/",
    "vehicles": []
  },
  {
    "birth_year": "82BBY",
    "created": "2014-12-15T12:48:05.971000Z",
    "edited": "2014-12-20T21:17:50.347000Z",
    "eye_color": "yellow",
    "films": [
      "http://swapi.co/api/films/5/",
      "http://swapi.co/api/films/4/",
      "http://swapi.co/api/films/6/",
      "http://swapi.co/api/films/3/",
      "http://swapi.co/api/films/2/"
    ],
    "gender": "male",
    "hair_color": "grey",
    "height": "170",
    "homeworld": "http://swapi.co/api/planets/8/",
    "id": 21,
    "mass": "75",
    "name": "Palpatine",
    "skin_color": "pale",
    "species": [
      "http://swapi.co/api/species/1/"
    ],
    "starships": [],
    "url": "http://swapi.co/api/people/21/",
    "vehicles": []
  },
  {
    "birth_year": "31.5BBY",
    "created": "2014-12-15T12:49:32.457000Z",
    "edited": "2014-12-20T21:17:50.349000Z",
    "eye_color": "brown",
    "films": [
      "http://swapi.co/api/films/5/",
      "http://swapi.co/api/films/3/",
      "http://swapi.co/api/films/2/"
    ],
    "gender": "male",
    "hair_color": "black",
    "height": "183",
    "homeworld": "http://swapi.co/api/planets/10/",
    "id": 22,
    "mass": "78.2",
    "name": "Boba Fett",
    "skin_color": "fair",
    "species": [
      "http://swapi.co/api/species/1/"
    ],
    "starships": [
      "http://swapi.co/api/starships/21/"
    ],
    "url": "http://swapi.co/api/people/22/",
    "vehicles": []
  },
  {
    "birth_year": "15BBY",
    "created": "2014-12-15T12:51:10.076000Z",
    "edited": "2014-12-20T21:17:50.351000Z",
    "eye_color": "red",
    "films": [
      "http://swapi.co/api/films/2/"
    ],
    "gender": "none",
    "hair_color": "none",
    "height": "200",
    "homeworld": "http://swapi.co/api/planets/28/",
    "id": 23,
    "mass": "140",
    "name": "IG-88",
    "skin_color": "metal",
    "species": [
      "http://swapi.co/api/species/2/"
    ],
    "starships": [],
    "url": "http://swapi.co/api/people/23/",
    "vehicles": []
  },
  {
    "birth_year": "53BBY",
    "created": "2014-12-15T12:53:49.297000Z",
    "edited": "2014-12-20T21:17:50.355000Z",
    "eye_color": "red",
    "films": [
      "http://swapi.co/api/films/2/"
    ],
    "gender": "male",
    "hair_color": "none",
    "height": "190",
    "homeworld": "http://swapi.co/api/planets/29/",
    "id": 24,
    "mass": "113",
    "name": "Bossk",
    "skin_color": "green",
    "species": [
      "http://swapi.co/api/species/7/"
    ],
    "starships": [],
    "url": "http://swapi.co/api/people/24/",
    "vehicles": []
  },
  {
    "birth_year": "31BBY",
    "created": "2014-12-15T12:56:32.683000Z",
    "edited": "2014-12-20T21:17:50.357000Z",
    "eye_color": "brown",
    "films": [
      "http://swapi.co/api/films/3/",
      "http://swapi.co/api/films/2/"
    ],
    "gender": "male",
    "hair_color": "black",
    "height": "177",
    "homeworld": "http://swapi.co/api/planets/30/",
    "id": 25,
    "mass": "79",
    "name": "Lando Calrissian",
    "skin_color": "dark",
    "species": [
      "http://swapi.co/api/species/1/"
    ],
    "starships": [
      "http://swapi.co/api/starships/10/"
    ],
    "url": "http://swapi.co/api/people/25/",
    "vehicles": []
  },
  {
    "birth_year": "37BBY",
    "created": "2014-12-15T13:01:57.178000Z",
    "edited": "2014-12-20T21:17:50.359000Z",
    "eye_color": "blue",
    "films": [
      "http://swapi.co/api/films/2/"
    ],
    "gender": "male",
    "hair_color": "none",
    "height": "175",
    "homeworld": "http://swapi.co/api/planets/6/",
    "id": 26,
    "mass": "79",
    "name": "Lobot",
    "skin_color": "light",
    "species": [
      "http://swapi.co/api/species/1/"
    ],
    "starships": [],
    "url": "http://swapi.co/api/people/26/",
    "vehicles": []
  },
  {
    "birth_year": "41BBY",
    "created": "2014-12-18T11:07:50.584000Z",
    "edited": "2014-12-20T21:17:50.362000Z",
    "eye_color": "orange",
    "films": [
      "http://swapi.co/api/films/3/",
      "http://swapi.co/api/films/7/"
    ],
    "gender": "male",
    "hair_color": "none",
    "height": "180",
    "homeworld": "http://swapi.co/api/planets/31/",
    "id": 27,
    "mass": "83",
    "name": "Ackbar",
    "skin_color": "brown mottle",
    "species": [
      "http://swapi.co/api/species/8/"
    ],
    "starships": [],
    "url": "http://swapi.co/api/people/27/",
    "vehicles": []
  },
  {
    "birth_year": "48BBY",
    "created": "2014-12-18T11:12:38.895000Z",
    "edited": "2014-12-20T21:17:50.364000Z",
    "eye_color": "blue",
    "films": [
      "http://swapi.co/api/films/3/"
    ],
    "gender": "female",
    "hair_color": "auburn",
    "height": "150",
    "homeworld": "http://swapi.co/api/planets/32/",
    "id": 28,
    "mass": "unknown",
    "name": "Mon Mothma",
    "skin_color": "fair",
    "species": [
      "http://swapi.co/api/species/1/"
    ],
    "starships": [],
    "url": "http://swapi.co/api/people/28/",
    "vehicles": []
  },
  {
    "birth_year": "unknown",
    "created": "2014-12-18T11:16:33.020000Z",
    "edited": "2014-12-20T21:17:50.367000Z",
    "eye_color": "brown",
    "films": [
      "http://swapi.co/api/films/3/"
    ],
    "gender": "male",
    "hair_color": "brown",
    "height": "unknown",
    "homeworld": "http://swapi.co/api/planets/28/",
    "id": 29,
    "mass": "unknown",
    "name": "Arvel Crynyd",
    "skin_color": "fair",
    "species": [
      "http://swapi.co/api/species/1/"
    ],
    "starships": [
      "http://swapi.co/api/starships/28/"
    ],
    "url": "http://swapi.co/api/people/29/",
    "vehicles": []
  },
  {
    "birth_year": "unknown",
    "created": "2014-12-18T11:26:18.541000Z",
    "edited": "2014-12-20T21:17:50.371000Z",
    "eye_color": "black",
    "films": [
      "http://swapi.co/api/films/3/"
    ],
    "gender": "male",
    "hair_color": "none",
    "height": "160",
    "homeworld": "http://swapi.co/api/planets/33/",
    "id": 31,
    "mass": "68",
    "name": "Nien Nunb",
    "skin_color": "grey",
    "species": [
      "http://swapi.co/api/species/10/"
    ],
    "starships": [
      "http://swapi.co/api/starships/10/"
    ],
    "url": "http://swapi.co/api/people/31/",
    "vehicles": []
  },
  {
    "birth_year": "92BBY",
    "created": "2014-12-19T16:54:53.618000Z",
    "edited": "2014-12-20T21:17:50.375000Z",
    "eye_color": "blue",
    "films": [
      "http://swapi.co/api/films/4/"
    ],
    "gender": "male",
    "hair_color": "brown",
    "height": "193",
    "homeworld": "http://swapi.co/api/planets/28/",
    "id": 32,
    "mass": "89",
    "name": "Qui-Gon Jinn",
    "skin_color": "fair",
    "species": [
      "http://swapi.co/api/species/1/"
    ],
    "starships": [],
    "url": "http://swapi.co/api/people/32/",
    "vehicles": [
      "http://swapi.co/api/vehicles/38/"
    ]
  },
  {
    "birth_year": "unknown",
    "created": "2014-12-19T17:05:57.357000Z",
    "edited": "2014-12-20T21:17:50.377000Z",
    "eye_color": "red",
    "films": [
      "http://swapi.co/api/films/5/",
      "http://swapi.co/api/films/4/",
      "http://swapi.co/api/films/6/"
    ],
    "gender": "male",
    "hair_color": "none",
    "height": "191",
    "homeworld": "http://swapi.co/api/planets/18/",
    "id": 33,
    "mass": "90",
    "name": "Nute Gunray",
    "skin_color": "mottled green",
    "species": [
      "http://swapi.co/api/species/11/"
    ],
    "starships": [],
    "url": "http://swapi.co/api/people/33/",
    "vehicles": []
  },
  {
    "birth_year": "91BBY",
    "created": "2014-12-19T17:21:45.915000Z",
    "edited": "2014-12-20T21:17:50.379000Z",
    "eye_color": "blue",
    "films": [
      "http://swapi.co/api/films/4/"
    ],
    "gender": "male",
    "hair_color": "blond",
    "height": "170",
    "homeworld": "http://swapi.co/api/planets/9/",
    "id": 34,
    "mass": "unknown",
    "name": "Finis Valorum",
    "skin_color": "fair",
    "species": [
      "http://swapi.co/api/species/1/"
    ],
    "starships": [],
    "url": "http://swapi.co/api/people/34/",
    "vehicles": []
  },
  {
    "birth_year": "46BBY",
    "created": "2014-12-19T17:28:26.926000Z",
    "edited": "2016-04-20T17:06:31.502555Z",
    "eye_color": "brown",
    "films": [
      "http://swapi.co/api/films/5/",
      "http://swapi.co/api/films/4/",
      "http://swapi.co/api/films/6/"
    ],
    "gender": "female",
    "hair_color": "brown",
    "height": "165",
    "homeworld": "http://swapi.co/api/planets/8/",
    "id": 35,
    "mass": "45",
    "name": "Padm\u00e9 Amidala",
    "skin_color": "light",
    "species": [
      "http://swapi.co/api/species/1/"
    ],
    "starships": [
      "http://swapi.co/api/starships/39/",
      "http://swapi.co/api/starships/49/",
      "http://swapi.co/api/starships/64/"
    ],
    "url": "http://swapi.co/api/people/35/",
    "vehicles": []
  },
  {
    "birth_year": "52BBY",
    "created": "2014-12-19T17:29:32.489000Z",
    "edited": "2014-12-20T21:17:50.383000Z",
    "eye_color": "orange",
    "films": [
      "http://swapi.co/api/films/5/",
      "http://swapi.co/api/films/4/"
    ],
    "gender": "male",
    "hair_color": "none",
    "height": "196",
    "homeworld": "http://swapi.co/api/planets/8/",
    "id": 36,
    "mass": "66",
    "name": "Jar Jar Binks",
    "skin_color": "orange",
    "species": [
      "http://swapi.co/api/species/12/"
    ],
    "starships": [],
    "url": "http://swapi.co/api/people/36/",
    "vehicles": []
  },
  {
    "birth_year": "unknown",
    "created": "2014-12-19T17:32:56.741000Z",
    "edited": "2014-12-20T21:17:50.385000Z",
    "eye_color": "orange",
    "films": [
      "http://swapi.co/api/films/4/"
    ],
    "gender": "male",
    "hair_color": "none",
    "height": "224",
    "homeworld": "http://swapi.co/api/planets/8/",
    "id": 37,
    "mass": "82",
    "name": "Roos Tarpals",
    "skin_color": "grey",
    "species": [
      "http://swapi.co/api/species/12/"
    ],
    "starships": [],
    "url": "http://swapi.co/api/people/37/",
    "vehicles": []
  },
  {
    "birth_year": "unknown",
    "created": "2014-12-19T17:33:38.909000Z",
    "edited": "2014-12-20T21:17:50.388000Z",
    "eye_color": "orange",
    "films": [
      "http://swapi.co/api/films/4/"
    ],
    "gender": "male",
    "hair_color": "none",
    "height": "206",
    "homeworld": "http://swapi.co/api/planets/8/",
    "id": 38,
    "mass": "unknown",
    "name": "Rugor Nass",
    "skin_color": "green",
    "species": [
      "http://swapi.co/api/species/12/"
    ],
    "starships": [],
    "url": "http://swapi.co/api/people/38/",
    "vehicles": []
  },
  {
    "birth_year": "unknown",
    "created": "2014-12-19T17:45:01.522000Z",
    "edited": "2014-12-20T21:17:50.392000Z",
    "eye_color": "blue",
    "films": [
      "http://swapi.co/api/films/4/"
    ],
    "gender": "male",
    "hair_color": "brown",
    "height": "183",
    "homeworld": "http://swapi.co/api/planets/8/",
    "id": 39,
    "mass": "unknown",
    "name": "Ric Oli\u00e9",
    "skin_color": "fair",
    "species": [],
    "starships": [
      "http://swapi.co/api/starships/40/"
    ],
    "url": "http://swapi.co/api/people/39/",
    "vehicles": []
  },
  {
    "birth_year": "unknown",
    "created": "2014-12-19T17:48:54.647000Z",
    "edited": "2014-12-20T21:17:50.395000Z",
    "eye_color": "yellow",
    "films": [
      "http://swapi.co/api/films/5/",
      "http://swapi.co/api/films/4/"
    ],
    "gender": "male",
    "hair_color": "black",
    "height": "137",
    "homeworld": "http://swapi.co/api/planets/34/",
    "id": 40,
    "mass": "unknown",
    "name": "Watto",
    "skin_color": "blue, grey",
    "species": [
      "http://swapi.co/api/species/13/"
    ],
    "starships": [],
    "url": "http://swapi.co/api/people/40/",
    "vehicles": []
  },
  {
    "birth_year": "unknown",
    "created": "2014-12-19T17:53:02.586000Z",
    "edited": "2014-12-20T21:17:50.397000Z",
    "eye_color": "orange",
    "films": [
      "http://swapi.co/api/films/4/"
    ],
    "gender": "male",
    "hair_color": "none",
    "height": "112",
    "homeworld": "http://swapi.co/api/planets/35/",
    "id": 41,
    "mass": "40",
    "name": "Sebulba",
    "skin_color": "grey, red",
    "species": [
      "http://swapi.co/api/species/14/"
    ],
    "starships": [],
    "url": "http://swapi.co/api/people/41/",
    "vehicles": []
  },
  {
    "birth_year": "62BBY",
    "created": "2014-12-19T17:55:43.348000Z",
    "edited": "2014-12-20T21:17:50.399000Z",
    "eye_color": "brown",
    "films": [
      "http://swapi.co/api/films/4/"
    ],
    "gender": "male",
    "hair_color": "black",
    "height": "183",
    "homeworld": "http://swapi.co/api/planets/8/",
    "id": 42,
    "mass": "unknown",
    "name": "Quarsh Panaka",
    "skin_color": "dark",
    "species": [],
    "starships": [],
    "url": "http://swapi.co/api/people/42/",
    "vehicles": []
  },
  {
    "birth_year": "72BBY",
    "created": "2014-12-19T17:57:41.191000Z",
    "edited": "2014-12-20T21:17:50.401000Z",
    "eye_color": "brown",
    "films": [
      "http://swapi.co/api/films/5/",
      "http://swapi.co/api/films/4/"
    ],
    "gender": "female",
    "hair_color": "black",
    "height": "163",
    "homeworld": "http://swapi.co/api/planets/1/",
    "id": 43,
    "mass": "unknown",
    "name": "Shmi Skywalker",
    "skin_color": "fair",
    "species": [
      "http://swapi.co/api/species/1/"
    ],
    "starships": [],
    "url": "http://swapi.co/api/people/43/",
    "vehicles": []
  },
  {
    "birth_year": "54BBY",
    "created": "2014-12-19T18:00:41.929000Z",
    "edited": "2014-12-20T21:17:50.403000Z",
    "eye_color": "yellow",
    "films": [
      "http://swapi.co/api/films/4/"
    ],
    "gender": "male",
    "hair_color": "none",
    "height": "175",
    "homeworld": "http://swapi.co/api/planets/36/",
    "id": 44,
    "mass": "80",
    "name": "Darth Maul",
    "skin_color": "red",
    "species": [
      "http://swapi.co/api/species/22/"
    ],
    "starships": [
      "http://swapi.co/api/starships/41/"
    ],
    "url": "http://swapi.co/api/people/44/",
    "vehicles": [
      "http://swapi.co/api/vehicles/42/"
    ]
  },
  {
    "birth_year": "unknown",
    "created": "2014-12-20T09:47:02.512000Z",
    "edited": "2014-12-20T21:17:50.407000Z",
    "eye_color": "pink",
    "films": [
      "http://swapi.co/api/films/3/"
    ],
    "gender": "male",
    "hair_color": "none",
    "height": "180",
    "homeworld": "http://swapi.co/api/planets/37/",
    "id": 45,
    "mass": "unknown",
    "name": "Bib Fortuna",
    "skin_color": "pale",
    "species": [
      "http://swapi.co/api/species/15/"
    ],
    "starships": [],
    "url": "http://swapi.co/api/people/45/",
    "vehicles": []
  },
  {
    "birth_year": "unknown",
    "created": "2014-12-20T09:57:31.858000Z",
    "edited": "2014-12-20T21:17:50.414000Z",
    "eye_color": "yellow",
    "films": [
      "http://swapi.co/api/films/4/"
    ],
    "gender": "male",
    "hair_color": "none",
    "height": "94",
    "homeworld": "http://swapi.co/api/planets/39/",
    "id": 48,
    "mass": "45",
    "name": "Dud Bolt",
    "skin_color": "blue, grey",
    "species": [
      "http://swapi.co/api/species/17/"
    ],
    "starships": [],
    "url": "http://swapi.co/api/people/48/",
    "vehicles": []
  },
  {
    "birth_year": "unknown",
    "created": "2014-12-20T10:02:12.223000Z",
    "edited": "2014-12-20T21:17:50.416000Z",
    "eye_color": "black",
    "films": [
      "http://swapi.co/api/films/4/"
    ],
    "gender": "male",
    "hair_color": "none",
    "height": "122",
    "homeworld": "http://swapi.co/api/planets/40/",
    "id": 49,
    "mass": "unknown",
    "name": "Gasgano",
    "skin_color": "white, blue",
    "species": [
      "http://swapi.co/api/species/18/"
    ],
    "starships": [],
    "url": "http://swapi.co/api/people/49/",
    "vehicles": []
  },
  {
    "birth_year": "unknown",
    "created": "2014-12-20T10:08:33.777000Z",
    "edited": "2014-12-20T21:17:50.417000Z",
    "eye_color": "orange",
    "films": [
      "http://swapi.co/api/films/4/"
    ],
    "gender": "male",
    "hair_color": "none",
    "height": "163",
    "homeworld": "http://swapi.co/api/planets/41/",
    "id": 50,
    "mass": "65",
    "name": "Ben Quadinaros",
    "skin_color": "grey, green, yellow",
    "species": [
      "http://swapi.co/api/species/19/"
    ],
    "starships": [],
    "url": "http://swapi.co/api/people/50/",
    "vehicles": []
  },
  {
    "birth_year": "72BBY",
    "created": "2014-12-20T10:12:30.846000Z",
    "edited": "2014-12-20T21:17:50.420000Z",
    "eye_color": "brown",
    "films": [
      "http://swapi.co/api/films/5/",
      "http://swapi.co/api/films/4/",
      "http://swapi.co/api/films/6/"
    ],
    "gender": "male",
    "hair_color": "none",
    "height": "188",
    "homeworld": "http://swapi.co/api/planets/42/",
    "id": 51,
    "mass": "84",
    "name": "Mace Windu",
    "skin_color": "dark",
    "species": [
      "http://swapi.co/api/species/1/"
    ],
    "starships": [],
    "url": "http://swapi.co/api/people/51/",
    "vehicles": []
  },
  {
    "birth_year": "92BBY",
    "created": "2014-12-20T10:15:32.293000Z",
    "edited": "2014-12-20T21:17:50.422000Z",
    "eye_color": "yellow",
    "films": [
      "http://swapi.co/api/films/5/",
      "http://swapi.co/api/films/4/",
      "http://swapi.co/api/films/6/"
    ],
    "gender": "male",
    "hair_color": "white",
    "height": "198",
    "homeworld": "http://swapi.co/api/planets/43/",
    "id": 52,
    "mass": "82",
    "name": "Ki-Adi-Mundi",
    "skin_color": "pale",
    "species": [
      "http://swapi.co/api/species/20/"
    ],
    "starships": [],
    "url": "http://swapi.co/api/people/52/",
    "vehicles": []
  },
  {
    "birth_year": "unknown",
    "created": "2014-12-20T10:18:57.202000Z",
    "edited": "2014-12-20T21:17:50.424000Z",
    "eye_color": "black",
    "films": [
      "http://swapi.co/api/films/5/",
      "http://swapi.co/api/films/4/",
      "http://swapi.co/api/films/6/"
    ],
    "gender": "male",
    "hair_color": "none",
    "height": "196",
    "homeworld": "http://swapi.co/api/planets/44/",
    "id": 53,
    "mass": "87",
    "name": "Kit Fisto",
    "skin_color": "green",
    "species": [
      "http://swapi.co/api/species/21/"
    ],
    "starships": [],
    "url": "http://swapi.co/api/people/53/",
    "vehicles": []
  },
  {
    "birth_year": "unknown",
    "created": "2014-12-20T10:26:47.902000Z",
    "edited": "2014-12-20T21:17:50.427000Z",
    "eye_color": "brown",
    "films": [
      "http://swapi.co/api/films/4/",
      "http://swapi.co/api/films/6/"
    ],
    "gender": "male",
    "hair_color": "black",
    "height": "171",
    "homeworld": "http://swapi.co/api/planets/45/",
    "id": 54,
    "mass": "unknown",
    "name": "Eeth Koth",
    "skin_color": "brown",
    "species": [
      "http://swapi.co/api/species/22/"
    ],
    "starships": [],
    "url": "http://swapi.co/api/people/54/",
    "vehicles": []
  },
  {
    "birth_year": "unknown",
    "created": "2014-12-20T10:29:11.661000Z",
    "edited": "2014-12-20T21:17:50.432000Z",
    "eye_color": "blue",
    "films": [
      "http://swapi.co/api/films/4/",
      "http://swapi.co/api/films/6/"
    ],
    "gender": "female",
    "hair_color": "none",
    "height": "184",
    "homeworld": "http://swapi.co/api/planets/9/",
    "id": 55,
    "mass": "50",
    "name": "Adi Gallia",
    "skin_color": "dark",
    "species": [
      "http://swapi.co/api/species/23/"
    ],
    "starships": [],
    "url": "http://swapi.co/api/people/55/",
    "vehicles": []
  },
  {
    "birth_year": "unknown",
    "created": "2014-12-20T10:32:11.669000Z",
    "edited": "2014-12-20T21:17:50.434000Z",
    "eye_color": "orange",
    "films": [
      "http://swapi.co/api/films/4/",
      "http://swapi.co/api/films/6/"
    ],
    "gender": "male",
    "hair_color": "none",
    "height": "188",
    "homeworld": "http://swapi.co/api/planets/47/",
    "id": 56,
    "mass": "unknown",
    "name": "Saesee Tiin",
    "skin_color": "pale",
    "species": [
      "http://swapi.co/api/species/24/"
    ],
    "starships": [],
    "url": "http://swapi.co/api/people/56/",
    "vehicles": []
  },
  {
    "birth_year": "unknown",
    "created": "2014-12-20T10:34:48.725000Z",
    "edited": "2014-12-20T21:17:50.437000Z",
    "eye_color": "yellow",
    "films": [
      "http://swapi.co/api/films/4/"
    ],
    "gender": "male",
    "hair_color": "none",
    "height": "264",
    "homeworld": "http://swapi.co/api/planets/48/",
    "id": 57,
    "mass": "unknown",
    "name": "Yarael Poof",
    "skin_color": "white",
    "species": [
      "http://swapi.co/api/species/25/"
    ],
    "starships": [],
    "url": "http://swapi.co/api/people/57/",
    "vehicles": []
  },
  {
    "birth_year": "22BBY",
    "created": "2014-12-20T10:49:19.859000Z",
    "edited": "2014-12-20T21:17:50.439000Z",
    "eye_color": "black",
    "films": [
      "http://swapi.co/api/films/5/",
      "http://swapi.co/api/films/4/",
      "http://swapi.co/api/films/6/"
    ],
    "gender": "male",
    "hair_color": "none",
    "height": "188",
    "homeworld": "http://swapi.co/api/planets/49/",
    "id": 58,
    "mass": "80",
    "name": "Plo Koon",
    "skin_color": "orange",
    "species": [
      "http://swapi.co/api/species/26/"
    ],
    "starships": [
      "http://swapi.co/api/starships/48/"
    ],
    "url": "http://swapi.co/api/people/58/",
    "vehicles": []
  },
  {
    "birth_year": "unknown",
    "created": "2014-12-20T10:53:26.457000Z",
    "edited": "2014-12-20T21:17:50.442000Z",
    "eye_color": "blue",
    "films": [
      "http://swapi.co/api/films/5/",
      "http://swapi.co/api/films/4/"
    ],
    "gender": "male",
    "hair_color": "none",
    "height": "196",
    "homeworld": "http://swapi.co/api/planets/50/",
    "id": 59,
    "mass": "unknown",
    "name": "Mas Amedda",
    "skin_color": "blue",
    "species": [
      "http://swapi.co/api/species/27/"
    ],
    "starships": [],
    "url": "http://swapi.co/api/people/59/",
    "vehicles": []
  },
  {
    "birth_year": "unknown",
    "created": "2014-12-20T11:10:10.381000Z",
    "edited": "2014-12-20T21:17:50.445000Z",
    "eye_color": "brown",
    "films": [
      "http://swapi.co/api/films/5/"
    ],
    "gender": "male",
    "hair_color": "black",
    "height": "185",
    "homeworld": "http://swapi.co/api/planets/8/",
    "id": 60,
    "mass": "85",
    "name": "Gregar Typho",
    "skin_color": "dark",
    "species": [
      "http://swapi.co/api/species/1/"
    ],
    "starships": [
      "http://swapi.co/api/starships/39/"
    ],
    "url": "http://swapi.co/api/people/60/",
    "vehicles": []
  },
  {
    "birth_year": "unknown",
    "created": "2014-12-20T11:11:39.630000Z",
    "edited": "2014-12-20T21:17:50.449000Z",
    "eye_color": "brown",
    "films": [
      "http://swapi.co/api/films/5/"
    ],
    "gender": "female",
    "hair_color": "brown",
    "height": "157",
    "homeworld": "http://swapi.co/api/planets/8/",
    "id": 61,
    "mass": "unknown",
    "name": "Cord\u00e9",
    "skin_color": "light",
    "species": [
      "http://swapi.co/api/species/1/"
    ],
    "starships": [],
    "url": "http://swapi.co/api/people/61/",
    "vehicles": []
  },
  {
    "birth_year": "82BBY",
    "created": "2014-12-20T15:59:03.958000Z",
    "edited": "2014-12-20T21:17:50.451000Z",
    "eye_color": "blue",
    "films": [
      "http://swapi.co/api/films/5/"
    ],
    "gender": "male",
    "hair_color": "brown",
    "height": "183",
    "homeworld": "http://swapi.co/api/planets/1/",
    "id": 62,
    "mass": "unknown",
    "name": "Cliegg Lars",
    "skin_color": "fair",
    "species": [
      "http://swapi.co/api/species/1/"
    ],
    "starships": [],
    "url": "http://swapi.co/api/people/62/",
    "vehicles": []
  },
  {
    "birth_year": "unknown",
    "created": "2014-12-20T16:40:43.977000Z",
    "edited": "2014-12-20T21:17:50.453000Z",
    "eye_color": "yellow",
    "films": [
      "http://swapi.co/api/films/5/",
      "http://swapi.co/api/films/6/"
    ],
    "gender": "male",
    "hair_color": "none",
    "height": "183",
    "homeworld": "http://swapi.co/api/planets/11/",
    "id": 63,
    "mass": "80",
    "name": "Poggle the Lesser",
    "skin_color": "green",
    "species": [
      "http://swapi.co/api/species/28/"
    ],
    "starships": [],
    "url": "http://swapi.co/api/people/63/",
    "vehicles": []
  },
  {
    "birth_year": "58BBY",
    "created": "2014-12-20T16:45:53.668000Z",
    "edited": "2014-12-20T21:17:50.455000Z",
    "eye_color": "blue",
    "films": [
      "http://swapi.co/api/films/5/",
      "http://swapi.co/api/films/6/"
    ],
    "gender": "female",
    "hair_color": "black",
    "height": "170",
    "homeworld": "http://swapi.co/api/planets/51/",
    "id": 64,
    "mass": "56.2",
    "name": "Luminara Unduli",
    "skin_color": "yellow",
    "species": [
      "http://swapi.co/api/species/29/"
    ],
    "starships": [],
    "url": "http://swapi.co/api/people/64/",
    "vehicles": []
  },
  {
    "birth_year": "40BBY",
    "created": "2014-12-20T16:46:40.440000Z",
    "edited": "2014-12-20T21:17:50.457000Z",
    "eye_color": "blue",
    "films": [
      "http://swapi.co/api/films/5/"
    ],
    "gender": "female",
    "hair_color": "black",
    "height": "166",
    "homeworld": "http://swapi.co/api/planets/51/",
    "id": 65,
    "mass": "50",
    "name": "Barriss Offee",
    "skin_color": "yellow",
    "species": [
      "http://swapi.co/api/species/29/"
    ],
    "starships": [],
    "url": "http://swapi.co/api/people/65/",
    "vehicles": []
  },
  {
    "birth_year": "unknown",
    "created": "2014-12-20T16:49:14.640000Z",
    "edited": "2014-12-20T21:17:50.460000Z",
    "eye_color": "brown",
    "films": [
      "http://swapi.co/api/films/5/"
    ],
    "gender": "female",
    "hair_color": "brown",
    "height": "165",
    "homeworld": "http://swapi.co/api/planets/8/",
    "id": 66,
    "mass": "unknown",
    "name": "Dorm\u00e9",
    "skin_color": "light",
    "species": [
      "http://swapi.co/api/species/1/"
    ],
    "starships": [],
    "url": "http://swapi.co/api/people/66/",
    "vehicles": []
  },
  {
    "birth_year": "102BBY",
    "created": "2014-12-20T16:52:14.726000Z",
    "edited": "2014-12-20T21:17:50.462000Z",
    "eye_color": "brown",
    "films": [
      "http://swapi.co/api/films/5/",
      "http://swapi.co/api/films/6/"
    ],
    "gender": "male",
    "hair_color": "white",
    "height": "193",
    "homeworld": "http://swapi.co/api/planets/52/",
    "id": 67,
    "mass": "80",
    "name": "Dooku",
    "skin_color": "fair",
    "species": [
      "http://swapi.co/api/species/1/"
    ],
    "starships": [],
    "url": "http://swapi.co/api/people/67/",
    "vehicles": [
      "http://swapi.co/api/vehicles/55/"
    ]
  },
  {
    "birth_year": "67BBY",
    "created": "2014-12-20T16:53:08.575000Z",
    "edited": "2014-12-20T21:17:50.463000Z",
    "eye_color": "brown",
    "films": [
      "http://swapi.co/api/films/5/",
      "http://swapi.co/api/films/6/"
    ],
    "gender": "male",
    "hair_color": "black",
    "height": "191",
    "homeworld": "http://swapi.co/api/planets/2/",
    "id": 68,
    "mass": "unknown",
    "name": "Bail Prestor Organa",
    "skin_color": "tan",
    "species": [
      "http://swapi.co/api/species/1/"
    ],
    "starships": [],
    "url": "http://swapi.co/api/people/68/",
    "vehicles": []
  },
  {
    "birth_year": "66BBY",
    "created": "2014-12-20T16:54:41.620000Z",
    "edited": "2014-12-20T21:17:50.465000Z",
    "eye_color": "brown",
    "films": [
      "http://swapi.co/api/films/5/"
    ],
    "gender": "male",
    "hair_color": "black",
    "height": "183",
    "homeworld": "http://swapi.co/api/planets/53/",
    "id": 69,
    "mass": "79",
    "name": "Jango Fett",
    "skin_color": "tan",
    "species": [
      "http://swapi.co/api/species/1/"
    ],
    "starships": [],
    "url": "http://swapi.co/api/people/69/",
    "vehicles": []
  },
  {
    "birth_year": "unknown",
    "created": "2014-12-20T16:57:44.471000Z",
    "edited": "2014-12-20T21:17:50.468000Z",
    "eye_color": "yellow",
    "films": [
      "http://swapi.co/api/films/5/"
    ],
    "gender": "female",
    "hair_color": "blonde",
    "height": "168",
    "homeworld": "http://swapi.co/api/planets/54/",
    "id": 70,
    "mass": "55",
    "name": "Zam Wesell",
    "skin_color": "fair, green, yellow",
    "species": [
      "http://swapi.co/api/species/30/"
    ],
    "starships": [],
    "url": "http://swapi.co/api/people/70/",
    "vehicles": [
      "http://swapi.co/api/vehicles/45/"
    ]
  },
  {
    "birth_year": "unknown",
    "created": "2014-12-20T17:28:27.248000Z",
    "edited": "2014-12-20T21:17:50.470000Z",
    "eye_color": "yellow",
    "films": [
      "http://swapi.co/api/films/5/"
    ],
    "gender": "male",
    "hair_color": "none",
    "height": "198",
    "homeworld": "http://swapi.co/api/planets/55/",
    "id": 71,
    "mass": "102",
    "name": "Dexter Jettster",
    "skin_color": "brown",
    "species": [
      "http://swapi.co/api/species/31/"
    ],
    "starships": [],
    "url": "http://swapi.co/api/people/71/",
    "vehicles": []
  },
  {
    "birth_year": "unknown",
    "created": "2014-12-20T17:30:50.416000Z",
    "edited": "2014-12-20T21:17:50.473000Z",
    "eye_color": "black",
    "films": [
      "http://swapi.co/api/films/5/"
    ],
    "gender": "male",
    "hair_color": "none",
    "height": "229",
    "homeworld": "http://swapi.co/api/planets/10/",
    "id": 72,
    "mass": "88",
    "name": "Lama Su",
    "skin_color": "grey",
    "species": [
      "http://swapi.co/api/species/32/"
    ],
    "starships": [],
    "url": "http://swapi.co/api/people/72/",
    "vehicles": []
  },
  {
    "birth_year": "unknown",
    "created": "2014-12-20T17:31:21.195000Z",
    "edited": "2014-12-20T21:17:50.474000Z",
    "eye_color": "black",
    "films": [
      "http://swapi.co/api/films/5/"
    ],
    "gender": "female",
    "hair_color": "none",
    "height": "213",
    "homeworld": "http://swapi.co/api/planets/10/",
    "id": 73,
    "mass": "unknown",
    "name": "Taun We",
    "skin_color": "grey",
    "species": [
      "http://swapi.co/api/species/32/"
    ],
    "starships": [],
    "url": "http://swapi.co/api/people/73/",
    "vehicles": []
  },
  {
    "birth_year": "unknown",
    "created": "2014-12-20T17:32:51.996000Z",
    "edited": "2014-12-20T21:17:50.476000Z",
    "eye_color": "blue",
    "films": [
      "http://swapi.co/api/films/5/"
    ],
    "gender": "female",
    "hair_color": "white",
    "height": "167",
    "homeworld": "http://swapi.co/api/planets/9/",
    "id": 74,
    "mass": "unknown",
    "name": "Jocasta Nu",
    "skin_color": "fair",
    "species": [
      "http://swapi.co/api/species/1/"
    ],
    "starships": [],
    "url": "http://swapi.co/api/people/74/",
    "vehicles": []
  },
  {
    "birth_year": "unknown",
    "created": "2014-12-20T17:43:36.409000Z",
    "edited": "2014-12-20T21:17:50.478000Z",
    "eye_color": "red, blue",
    "films": [
      "http://swapi.co/api/films/5/",
      "http://swapi.co/api/films/6/"
    ],
    "gender": "female",
    "hair_color": "none",
    "height": "96",
    "homeworld": "http://swapi.co/api/planets/28/",
    "id": 75,
    "mass": "unknown",
    "name": "R4-P17",
    "skin_color": "silver, red",
    "species": [],
    "starships": [],
    "url": "http://swapi.co/api/people/75/",
    "vehicles": []
  },
  {
    "birth_year": "unknown",
    "created": "2014-12-20T17:53:52.607000Z",
    "edited": "2014-12-20T21:17:50.481000Z",
    "eye_color": "unknown",
    "films": [
      "http://swapi.co/api/films/5/"
    ],
    "gender": "male",
    "hair_color": "none",
    "height": "193",
    "homeworld": "http://swapi.co/api/planets/56/",
    "id": 76,
    "mass": "48",
    "name": "Wat Tambor",
    "skin_color": "green, grey",
    "species": [
      "http://swapi.co/api/species/33/"
    ],
    "starships": [],
    "url": "http://swapi.co/api/people/76/",
    "vehicles": []
  },
  {
    "birth_year": "unknown",
    "created": "2014-12-20T17:58:17.049000Z",
    "edited": "2014-12-20T21:17:50.484000Z",
    "eye_color": "gold",
    "films": [
      "http://swapi.co/api/films/5/"
    ],
    "gender": "male",
    "hair_color": "none",
    "height": "191",
    "homeworld": "http://swapi.co/api/planets/57/",
    "id": 77,
    "mass": "unknown",
    "name": "San Hill",
    "skin_color": "grey",
    "species": [
      "http://swapi.co/api/species/34/"
    ],
    "starships": [],
    "url": "http://swapi.co/api/people/77/",
    "vehicles": []
  },
  {
    "birth_year": "unknown",
    "created": "2014-12-20T18:44:01.103000Z",
    "edited": "2014-12-20T21:17:50.486000Z",
    "eye_color": "black",
    "films": [
      "http://swapi.co/api/films/5/",
      "http://swapi.co/api/films/6/"
    ],
    "gender": "female",
    "hair_color": "none",
    "height": "178",
    "homeworld": "http://swapi.co/api/planets/58/",
    "id": 78,
    "mass": "57",
    "name": "Shaak Ti",
    "skin_color": "red, blue, white",
    "species": [
      "http://swapi.co/api/species/35/"
    ],
    "starships": [],
    "url": "http://swapi.co/api/people/78/",
    "vehicles": []
  },
  {
    "birth_year": "unknown",
    "created": "2014-12-20T19:43:53.348000Z",
    "edited": "2014-12-20T21:17:50.488000Z",
    "eye_color": "green, yellow",
    "films": [
      "http://swapi.co/api/films/6/"
    ],
    "gender": "male",
    "hair_color": "none",
    "height": "216",
    "homeworld": "http://swapi.co/api/planets/59/",
    "id": 79,
    "mass": "159",
    "name": "Grievous",
    "skin_color": "brown, white",
    "species": [
      "http://swapi.co/api/species/36/"
    ],
    "starships": [
      "http://swapi.co/api/starships/74/"
    ],
    "url": "http://swapi.co/api/people/79/",
    "vehicles": [
      "http://swapi.co/api/vehicles/60/"
    ]
  },
  {
    "birth_year": "unknown",
    "created": "2014-12-20T19:46:34.209000Z",
    "edited": "2014-12-20T21:17:50.491000Z",
    "eye_color": "blue",
    "films": [
      "http://swapi.co/api/films/6/"
    ],
    "gender": "male",
    "hair_color": "brown",
    "height": "234",
    "homeworld": "http://swapi.co/api/planets/14/",
    "id": 80,
    "mass": "136",
    "name": "Tarfful",
    "skin_color": "brown",
    "species": [
      "http://swapi.co/api/species/3/"
    ],
    "starships": [],
    "url": "http://swapi.co/api/people/80/",
    "vehicles": []
  },
  {
    "birth_year": "unknown",
    "created": "2014-12-20T19:49:35.583000Z",
    "edited": "2014-12-20T21:17:50.493000Z",
    "eye_color": "brown",
    "films": [
      "http://swapi.co/api/films/1/",
      "http://swapi.co/api/films/6/"
    ],
    "gender": "male",
    "hair_color": "brown",
    "height": "188",
    "homeworld": "http://swapi.co/api/planets/2/",
    "id": 81,
    "mass": "79",
    "name": "Raymus Antilles",
    "skin_color": "light",
    "species": [
      "http://swapi.co/api/species/1/"
    ],
    "starships": [],
    "url": "http://swapi.co/api/people/81/",
    "vehicles": []
  },
  {
    "birth_year": "unknown",
    "created": "2014-12-20T20:18:37.619000Z",
    "edited": "2014-12-20T21:17:50.496000Z",
    "eye_color": "white",
    "films": [
      "http://swapi.co/api/films/5/",
      "http://swapi.co/api/films/6/"
    ],
    "gender": "female",
    "hair_color": "none",
    "height": "178",
    "homeworld": "http://swapi.co/api/planets/60/",
    "id": 82,
    "mass": "48",
    "name": "Sly Moore",
    "skin_color": "pale",
    "species": [],
    "starships": [],
    "url": "http://swapi.co/api/people/82/",
    "vehicles": []
  },
  {
    "birth_year": "unknown",
    "created": "2014-12-20T20:35:04.260000Z",
    "edited": "2014-12-20T21:17:50.498000Z",
    "eye_color": "black",
    "films": [
      "http://swapi.co/api/films/6/"
    ],
    "gender": "male",
    "hair_color": "none",
    "height": "206",
    "homeworld": "http://swapi.co/api/planets/12/",
    "id": 83,
    "mass": "80",
    "name": "Tion Medon",
    "skin_color": "grey",
    "species": [
      "http://swapi.co/api/species/37/"
    ],
    "starships": [],
    "url": "http://swapi.co/api/people/83/",
    "vehicles": []
  },
  {
    "birth_year": "unknown",
    "created": "2015-04-17T06:52:40.793621Z",
    "edited": "2015-04-17T06:52:40.793674Z",
    "eye_color": "dark",
    "films": [
      "http://swapi.co/api/films/7/"
    ],
    "gender": "male",
    "hair_color": "black",
    "height": "unknown",
    "homeworld": "http://swapi.co/api/planets/28/",
    "id": 84,
    "mass": "unknown",
    "name": "Finn",
    "skin_color": "dark",
    "species": [
      "http://swapi.co/api/species/1/"
    ],
    "starships": [],
    "url": "http://swapi.co/api/people/84/",
    "vehicles": []
  },
  {
    "birth_year": "unknown",
    "created": "2015-04-17T06:54:01.495077Z",
    "edited": "2015-04-17T06:54:01.495128Z",
    "eye_color": "hazel",
    "films": [
      "http://swapi.co/api/films/7/"
    ],
    "gender": "female",
    "hair_color": "brown",
    "height": "unknown",
    "homeworld": "http://swapi.co/api/planets/28/",
    "id": 85,
    "mass": "unknown",
    "name": "Rey",
    "skin_color": "light",
    "species": [
      "http://swapi.co/api/species/1/"
    ],
    "starships": [],
    "url": "http://swapi.co/api/people/85/",
    "vehicles": []
  },
  {
    "birth_year": "unknown",
    "created": "2015-04-17T06:55:21.622786Z",
    "edited": "2015-04-17T06:55:21.622835Z",
    "eye_color": "brown",
    "films": [
      "http://swapi.co/api/films/7/"
    ],
    "gender": "male",
    "hair_color": "brown",
    "height": "unknown",
    "homeworld": "http://swapi.co/api/planets/28/",
    "id": 86,
    "mass": "unknown",
    "name": "Poe Dameron",
    "skin_color": "light",
    "species": [
      "http://swapi.co/api/species/1/"
    ],
    "starships": [
      "http://swapi.co/api/starships/77/"
    ],
    "url": "http://swapi.co/api/people/86/",
    "vehicles": []
  },
  {
    "birth_year": "unknown",
    "created": "2015-04-17T06:57:38.061346Z",
    "edited": "2015-04-17T06:57:38.061453Z",
    "eye_color": "black",
    "films": [
      "http://swapi.co/api/films/7/"
    ],
    "gender": "none",
    "hair_color": "none",
    "height": "unknown",
    "homeworld": "http://swapi.co/api/planets/28/",
    "id": 87,
    "mass": "unknown",
    "name": "BB8",
    "skin_color": "none",
    "species": [
      "http://swapi.co/api/species/2/"
    ],
    "starships": [],
    "url": "http://swapi.co/api/people/87/",
    "vehicles": []
  }
]
